molecule,SCF energy
alkane-010, -393.932969667
alkane-020, -786.628894828
alkane-030,-1179.345582100
alkane-040,-1572.062254521
alkane-050,-1964.778976875
alkane-060,-2357.495698792

